{
  "model": "gru_v3",
  "best_val_f1": 0.8433452956779529,
  "hidden_size": 512,
  "num_layers": 3,
  "dropout": 0.354678371162756,
  "lr": 0.0006542797949540346,
  "weight_decay": 0.0011606159532098611,
  "mlp_hidden": 512
}