{
  "model": "lstm",
  "best_val_f1": 0.8576,
  "hidden_size": 256,
  "num_layers": 1,
  "dropout": 0.36307797995993946,
  "lr": 0.0014286219021617456,
  "weight_decay": 5.4231498125545876e-05,
  "mlp_hidden": 512
}
